species,out_strength,in_strength,out_degree,in_degree,out_degree_centrality,in_degree_centrality,betweenness_centrality,eigenvector_centrality,mean_pairwise_asymmetry,cluster,network_community
Astacus astacus,9.178218917921185,6.719722793670371,8,6,0.05194805194805195,0.03896103896103896,0.005050505050505051,0.0016917716732436543,0.03006624072856669,6,1
Austropotamobius bihariensis,4.915117270313203,8.610804229276255,7,13,0.045454545454545456,0.08441558441558442,0.0002546473134708429,0.0028860146298124566,0.03755196925198248,6,1
Austropotamobius fulcisianus,17.197116984054446,9.485294663347304,35,12,0.2272727272727273,0.07792207792207792,0.008106272812155165,0.00476693285822068,0.06407059139463228,6,1
Austropotamobius pallipes,4.996799352578819,6.802770771086216,5,5,0.03246753246753247,0.03246753246753247,0.0,0.0009436079429018141,0.03181238029176345,6,1
Austropotamobius torrentium,13.300099352374673,8.870739446254447,22,14,0.14285714285714288,0.09090909090909091,0.014939309056956116,0.0027287990926539805,0.04352439962200482,6,1
Cambarellus (Pandicambarus) puer,30.71766277588904,26.28462002146989,59,61,0.38311688311688313,0.3961038961038961,0.03374076903488668,0.11753093509589971,0.10783946509896354,1,3
Cambarellus (Pandicambarus) shufeldtii,36.076142221689224,26.118781013879925,76,62,0.49350649350649356,0.4025974025974026,0.02750190985485103,0.09095117021019279,0.12363192744782896,1,3
Cambaroides similis,1.782195083796978,18.83595708804205,1,43,0.006493506493506494,0.27922077922077926,0.003649944826415415,0.032029559996520976,0.1129378929171808,6,1
Cambarus acuminatus,42.077316243201494,18.614927407354116,104,44,0.6753246753246753,0.28571428571428575,0.017316017316017316,0.04113099482549512,0.15975117446346718,6,2
Cambarus angularis,19.60851762164384,16.61335067357868,39,32,0.2532467532467533,0.2077922077922078,0.006153976742212037,0.02522304331976032,0.07368868825255663,6,2
Cambarus appalachiensis,12.726457219570875,13.965559377800673,26,24,0.16883116883116883,0.15584415584415584,0.0014854426619132501,0.014817352100589199,0.06613226123940345,6,2
Cambarus asperimanus,14.137269103899598,18.17777945823036,21,42,0.13636363636363638,0.27272727272727276,0.019650284356166708,0.04454329596890847,0.0667722848101894,6,2
Cambarus bartonii,42.85386185348034,16.580343820387498,86,42,0.5584415584415585,0.27272727272727276,0.02724726254138019,0.025931545755792786,0.1715788578526903,6,2
Cambarus bartonii bartonii,10.728613683022559,11.582571928855032,10,23,0.06493506493506494,0.14935064935064937,0.0041592394533571005,0.0077541911105780455,0.04181241779588163,6,4
Cambarus bartonii cavatus,19.455193461850286,12.84025806747377,34,23,0.2207792207792208,0.14935064935064937,0.0013156777862660216,0.009487413450589479,0.06699360247894928,4,4
Cambarus carinirostris,11.294842567294836,12.163496505236253,19,20,0.12337662337662339,0.12987012987012989,0.0011883541295306002,0.007631383467098495,0.04016130037950473,6,4
Cambarus chasmodactylus,12.165407948195934,14.892888895701617,20,26,0.12987012987012989,0.16883116883116883,0.0005092946269416858,0.017759321769873167,0.05633136170746928,6,2
Cambarus chaugaensis,11.359027951024473,22.054127394221723,18,42,0.1168831168831169,0.27272727272727276,0.006960359901536373,0.06937204646817466,0.09480648407978672,6,2
Cambarus coosae,21.830291310325265,25.746474544052035,51,53,0.33116883116883117,0.34415584415584416,0.0007215007215007215,0.10973486113132172,0.09701324151163655,5,2
Cambarus cumberlandensis,14.351937766186893,23.795521346852183,25,44,0.16233766233766234,0.28571428571428575,0.0001697648756472286,0.06664038492800761,0.08811882085638581,5,2
Cambarus davidi,17.139372803736478,19.27188890404068,31,41,0.2012987012987013,0.26623376623376627,0.0012732365673542145,0.05772660441932079,0.08479302014109327,2,3
Cambarus distans,23.702250613830984,22.795070012798533,45,47,0.29220779220779225,0.30519480519480524,0.01252015957898311,0.05907591539551391,0.08872436158292528,5,2
Cambarus dubius,27.920612053014338,15.843484027078375,49,34,0.3181818181818182,0.2207792207792208,0.007554536966301672,0.020192986444345955,0.09738186958046365,6,2
Cambarus eeseeohensis,3.995251081418246,15.175279667368159,6,27,0.03896103896103896,0.17532467532467533,0.0001697648756472286,0.02802556573471994,0.07716140582970066,6,2
Cambarus elkensis,6.577874922892079,19.305347645888105,4,39,0.025974025974025976,0.2532467532467533,0.001443001443001443,0.0323966658128393,0.09978150781667368,6,2
Cambarus georgiae,16.191181083675474,16.471343935932964,32,30,0.2077922077922078,0.19480519480519481,0.01027077497665733,0.03373938402855013,0.08214168741621754,6,2
Cambarus girardianus,27.24786423984915,24.598060467280447,52,50,0.33766233766233766,0.3246753246753247,0.0018249724132077074,0.0914184235573311,0.09272683717842613,5,2
Cambarus graysoni,32.98655747063458,24.040476141963154,64,53,0.4155844155844156,0.34415584415584416,0.0038621509209744503,0.07677636103792385,0.11109728288425544,5,2
Cambarus halli,8.212707639671862,22.621720027178526,12,46,0.07792207792207792,0.29870129870129875,0.0003819709702062643,0.10132056143336791,0.11436173922757244,5,2
Cambarus hatfieldi,7.054719490464777,16.63823500671424,10,31,0.06493506493506494,0.2012987012987013,0.0014005602240896359,0.026564109767185158,0.08019453024812188,6,2
Cambarus hiwasseensis,16.135800996795297,20.14452542969957,30,41,0.19480519480519481,0.26623376623376627,0.0016552075375604787,0.05566397992919815,0.07832990558636556,5,2
Cambarus hobbsorum,16.845767601393163,18.140241984045133,31,38,0.2012987012987013,0.24675324675324678,0.002886002886002886,0.05475701445029626,0.07462007305191758,2,3
Cambarus howardi,35.71454526297748,21.413507199846208,84,50,0.5454545454545455,0.3246753246753247,0.03467447585094644,0.05958456436770612,0.11938910040544806,6,2
Cambarus hubbsi,24.86783893033862,23.415046335663646,41,52,0.26623376623376627,0.33766233766233766,0.004880740174857822,0.05612847608717948,0.09680850914219855,4,4
Cambarus hystricosus,12.661564671900123,18.392316578887403,32,31,0.2077922077922078,0.2012987012987013,0.000551735845853493,0.06581758165527858,0.09493430232471943,2,3
Cambarus jezerinaci,19.252377048600465,20.827756649348885,42,39,0.27272727272727276,0.2532467532467533,0.013071895424836602,0.04288663581224865,0.08134123835978764,6,2
Cambarus johni,9.54610429983586,22.210308729670942,17,46,0.1103896103896104,0.29870129870129875,0.0035650623885918006,0.06245328065222281,0.0974216748440227,6,2
Cambarus latimanus,36.94648905843496,20.728322270791978,66,48,0.4285714285714286,0.3116883116883117,0.033273915626856804,0.07354342504174788,0.14032137134209177,5,3
Cambarus lenati,6.732104625552893,22.86081355717033,6,43,0.03896103896103896,0.27922077922077926,4.244121891180715e-05,0.06648602278340464,0.11409915499872976,6,2
Cambarus longirostris,32.202724136412144,17.215688892174512,69,43,0.4480519480519481,0.27922077922077926,0.025082760376878024,0.034425194607396625,0.11532059722797727,6,2
Cambarus longulus,20.38464995007962,17.909186916425824,43,42,0.27922077922077926,0.27272727272727276,0.003734827264239029,0.035878447819640225,0.061621201266957956,6,2
Cambarus maculatus,9.574384039733559,20.4429271875415,9,34,0.05844155844155845,0.2207792207792208,0.0001697648756472286,0.03695998768818884,0.08047010114132246,4,4
Cambarus obstipus,15.815998082514852,26.057599995750934,32,48,0.2077922077922078,0.3116883116883117,0.0041167982344452935,0.11101327253128845,0.1198864413014093,5,2
Cambarus ortmanni,26.22236125357449,14.863787001464516,62,29,0.4025974025974026,0.18831168831168832,0.0074272133095662505,0.015627535967556345,0.09297673135403205,4,4
Cambarus parvoculus,21.222687245346606,22.927281790412962,42,47,0.27272727272727276,0.30519480519480524,0.0066632713691537225,0.06672671925915005,0.09147269255784038,5,2
Cambarus reburrus,4.713572389446199,15.886595105053857,8,25,0.05194805194805195,0.16233766233766234,0.0,0.027523806253545235,0.07432055137537469,6,2
Cambarus reduncus,21.406832831911743,18.892749265301973,38,41,0.24675324675324678,0.26623376623376627,0.0033528562940327647,0.05867827889587811,0.08977675120128537,2,3
Cambarus reflexus,25.762944464571774,21.40076026180759,53,38,0.34415584415584416,0.24675324675324678,0.01684916390798744,0.10442847488425447,0.1000235533105911,2,3
Cambarus robustus,29.114255910739303,13.566402660217136,57,30,0.37012987012987014,0.19480519480519481,0.011883541295306001,0.009956435324628147,0.1030494410623252,6,2
Cambarus rusticiformis,27.932585863396525,24.44217924703844,66,48,0.4285714285714286,0.3116883116883117,0.010355657414480943,0.07069564305987902,0.09375753437997411,5,2
Cambarus sciotensis,24.602735332213342,14.038130718981847,50,28,0.3246753246753247,0.18181818181818182,0.0074272133095662505,0.01122618206756873,0.08259473774467244,4,4
Cambarus scotti,21.801168279722333,24.228666746756062,45,46,0.29220779220779225,0.29870129870129875,0.00759697818521348,0.09862761111317084,0.09525729544829674,5,2
Cambarus sphenoides,20.701707621105015,23.02597498567775,40,42,0.25974025974025977,0.27272727272727276,0.0029708853238265003,0.062372840011260096,0.08562590661095817,5,2
Cambarus striatus,50.73934258148074,25.623744907788932,97,59,0.6298701298701299,0.38311688311688313,0.025379848909260674,0.10845594378859527,0.18412428369213427,5,2
Cambarus tenebrosus,44.532101364806294,23.17512692208402,104,59,0.6753246753246753,0.38311688311688313,0.03284950343773873,0.06407580485669584,0.1543220871675445,5,4
Cambarus theepiensis,15.616752649657428,15.800421856110916,27,29,0.17532467532467533,0.18831168831168832,0.0011883541295306002,0.01982371177458902,0.05408105807675218,6,2
Cambarus unestami,19.132300891913474,21.875170653685927,45,39,0.29220779220779225,0.2532467532467533,0.013496307613954673,0.07041430008554983,0.1109027362356035,5,2
Creaserinus fodiens,57.16982840374112,21.09129894617945,118,53,0.7662337662337663,0.34415584415584416,0.03306170953229777,0.0579257755557521,0.23499355645995443,2,3
Euastacus armatus,2.212308693677187,9.954781659180298,1,21,0.006493506493506494,0.13636363636363638,0.0,0.014751128684540907,0.06281570913784157,6,1
Faxonella clypeata,30.153853896073997,25.745466583874077,52,58,0.33766233766233766,0.37662337662337664,0.010143451319921908,0.12620818811489212,0.09763566065615938,1,3
Faxonius alabamensis,15.01434159744531,25.472669647540897,27,42,0.17532467532467533,0.27272727272727276,0.0016976487564722858,0.10085746614466898,0.11246727869918498,5,2
Faxonius carolinensis,14.708459618501365,18.39116881415248,32,30,0.2077922077922078,0.19480519480519481,0.0020796197266785502,0.05420511147311054,0.0737830645876465,2,3
Faxonius chickasawae,14.365451595978811,31.611102170310915,29,55,0.18831168831168832,0.35714285714285715,0.00046685340802987864,0.17134867344207155,0.1370375981998884,1,3
Faxonius compressus,28.19813363160938,24.864757421193644,57,51,0.37012987012987014,0.33116883116883117,0.009931245225362872,0.09293023647476223,0.09141828947210709,5,2
Faxonius cristavarius,24.762954876758158,15.925900152884424,48,30,0.3116883116883117,0.19480519480519481,0.01502419149477973,0.01863992981212477,0.075976566435745,6,2
Faxonius durelli,19.721691380720586,25.207367387134582,40,46,0.25974025974025977,0.29870129870129875,0.0020796197266785502,0.0887934964292747,0.08838719503905673,5,2
Faxonius erichsonianus,34.813321804627776,24.82607608800754,71,51,0.4610389610389611,0.33116883116883117,0.02232408114761056,0.09932146987524988,0.11472398679183385,5,2
Faxonius etnieri,28.212033823132515,29.20788114145398,50,63,0.3246753246753247,0.4090909090909091,0.010525422290128173,0.1528639587784698,0.12532783602061984,1,3
Faxonius eupunctus,13.288133562542498,24.41790269035846,33,48,0.2142857142857143,0.3116883116883117,0.00029708853238265005,0.07082395674144155,0.10666535587304017,3,4
Faxonius forceps,33.6252269949764,21.02979998406954,81,51,0.525974025974026,0.33116883116883117,0.023767082590612002,0.061792807297210726,0.11692069364899116,5,2
Faxonius harrisonii,7.334231890272349,21.113011329900473,8,34,0.05194805194805195,0.2207792207792208,0.0003819709702062643,0.038562928784082996,0.09366512802344831,4,4
Faxonius holti,16.17061165207997,29.622756694443524,36,46,0.2337662337662338,0.29870129870129875,0.003777268483150836,0.1734409641171285,0.11551979711799362,1,3
Faxonius hylas,17.720400295220315,21.912082445807755,26,42,0.16883116883116883,0.27272727272727276,0.0008912655971479501,0.04027027970346496,0.08717410263980364,4,4
Faxonius illinoiensis,10.988518134690821,24.256644529523328,21,39,0.13636363636363638,0.2532467532467533,0.0006790595025889144,0.06228053811564557,0.10703744225101183,4,4
Faxonius immunis,23.181528264656663,13.530008987523615,44,27,0.28571428571428575,0.17532467532467533,0.0052202699261522795,0.01562967591990679,0.0742476947375803,4,4
Faxonius indianensis,16.341628818772733,21.816566805820912,34,39,0.2207792207792208,0.2532467532467533,0.0016976487564722858,0.048083705505744534,0.08495584175946166,4,4
Faxonius juvenilis,45.996113371104,18.85952474595979,114,44,0.7402597402597403,0.28571428571428575,0.02279093455564044,0.034673582713220796,0.19079306600433957,5,2
Faxonius kentuckiensis,8.719388348981738,25.257515239994973,15,44,0.09740259740259741,0.28571428571428575,0.0022493846023257788,0.0713487653339524,0.11028593419688185,4,4
Faxonius lancifer,48.90750495530665,27.28421398298815,117,68,0.7597402597402598,0.4415584415584416,0.025210084033613446,0.12560679895218832,0.15967703340635575,1,3
Faxonius leptogonopodus,15.144050902454183,30.196536294883117,25,60,0.16233766233766234,0.38961038961038963,0.048298107121636534,0.14493744455704655,0.15908054896182827,3,2
Faxonius limosus,14.204553795978427,14.764307894511148,28,33,0.18181818181818182,0.2142857142857143,0.0052202699261522795,0.018753434681296817,0.057783796060407025,6,4
Faxonius longidigitus,19.471936802379787,21.617666577687487,30,48,0.19480519480519481,0.3116883116883117,0.0016976487564722858,0.05251443778322085,0.08219907270266687,3,4
Faxonius luteus,21.323275742586702,19.95558062219061,33,35,0.2142857142857143,0.2272727272727273,0.018674136321195144,0.0361262739572915,0.07573179149087035,4,4
Faxonius macrus,14.490985685726628,21.09405758790672,27,37,0.17532467532467533,0.24025974025974028,0.005814446990917579,0.061950684495719444,0.08266585333690096,3,4
Faxonius medius,12.208739612717181,20.887012222548947,15,34,0.09740259740259741,0.2207792207792208,0.00029708853238265005,0.0364835847896785,0.09167767137549092,4,4
Faxonius meeki,19.32135329558514,22.713004334596917,37,51,0.24025974025974028,0.33116883116883117,0.018546812664459723,0.06810659173529171,0.08221654749668941,3,4
Faxonius mirus,18.50004868907854,25.906135325552896,39,45,0.2532467532467533,0.29220779220779225,0.01294457176810118,0.09593395008977208,0.12559196907065373,5,2
Faxonius nais,19.636249070055783,20.127771807601675,36,41,0.2337662337662338,0.26623376623376627,0.02279093455564044,0.053916349236281885,0.07315398083376855,3,4
Faxonius nana,7.832164413295686,22.439482459798455,11,45,0.07142857142857144,0.29220779220779225,0.0001697648756472286,0.07345584746328843,0.0998123440734268,3,4
Faxonius neglectus,26.788777659647167,20.168649485334754,45,40,0.29220779220779225,0.25974025974025977,0.006111535523300229,0.04763566205094916,0.08829814517967306,3,4
Faxonius neglectus neglectus,21.242487790063024,20.01953887497075,28,37,0.18181818181818182,0.24025974025974028,0.0009337068160597573,0.04880270850600019,0.07353095789349264,3,4
Faxonius obscurus,14.029177758842707,11.240243909182027,21,17,0.13636363636363638,0.1103896103896104,0.0017400899753840932,0.005157112263022566,0.044415591156122265,6,4
Faxonius ozarkae,25.791197933256626,24.804997853701934,51,61,0.33116883116883117,0.3961038961038961,0.014896867838044309,0.07585646492889182,0.07987064503090964,3,4
Faxonius palmeri,39.40258659608662,25.88471840787679,87,63,0.564935064935065,0.4090909090909091,0.029878618113912233,0.11147672287236915,0.12162292911368724,3,3
Faxonius palmeri longimanus,18.86556632630527,26.619228151161224,34,58,0.2207792207792208,0.37662337662337664,0.0011883541295306002,0.119960653984025,0.10589679690718941,3,3
Faxonius perfectus,23.01683508977294,29.52616411494091,49,51,0.3181818181818182,0.33116883116883117,0.0008912655971479501,0.16496496400279825,0.10556663715208021,1,3
Faxonius peruncus,20.056557027623057,23.3221215212252,40,48,0.25974025974025977,0.3116883116883117,0.004795857737034208,0.0516077033063138,0.09885711296818328,4,4
Faxonius placidus,32.94815667811781,24.838811204535887,72,59,0.4675324675324676,0.38311688311688313,0.006535947712418301,0.07893051287000223,0.10204888083337044,5,2
Faxonius propinquus,11.205903321504593,10.096754539990798,20,20,0.12987012987012989,0.12987012987012989,0.005135387488328665,0.007306756405842338,0.031355887649931594,4,4
Faxonius punctimanus,22.17353059584275,22.69368735072203,31,48,0.2012987012987013,0.3116883116883117,0.007681860623037094,0.050657944697470245,0.09153094258334778,4,4
Faxonius putnami,26.869047564454377,21.791010670131072,60,50,0.38961038961038963,0.3246753246753247,0.009634156692980223,0.05580940166226681,0.08610406990447263,5,2
Faxonius raymondi,14.56272651348263,13.832439769525081,29,22,0.18831168831168832,0.14285714285714288,0.0006366182836771072,0.012805162208282749,0.10080789697550044,4,4
Faxonius rusticus,19.65040485560894,12.381077279569581,39,19,0.2532467532467533,0.12337662337662339,0.007766743060860708,0.008950051562131064,0.0649791611887684,4,4
Faxonius sanbornii,21.519668522290885,13.305840096669272,43,28,0.27922077922077926,0.18181818181818182,0.0015703250997368644,0.011619778928719567,0.06929568450916075,4,4
Faxonius sloanii,12.159507067874074,12.675014091888443,26,16,0.16883116883116883,0.1038961038961039,0.0014854426619132501,0.009476394626667327,0.06962233444210142,4,4
Faxonius spinosus,40.865481013432145,24.56238253135234,86,52,0.5584415584415585,0.33766233766233766,0.011798658857482387,0.09216960685907671,0.132490060189376,5,2
Faxonius validus,27.542279141023755,26.589435860980302,52,56,0.33766233766233766,0.36363636363636365,0.007342330871742637,0.11313724020536581,0.1108489131839196,5,2
Faxonius virginiensis,16.006507272832096,17.543500039028004,25,30,0.16233766233766234,0.19480519480519481,0.00046685340802987864,0.04734144516789193,0.07982822529239846,2,3
Faxonius virilis,24.323125859722495,11.911663642618805,43,15,0.27922077922077926,0.09740259740259741,0.003777268483150836,0.009698480309150498,0.0930813558054967,4,4
Faxonius williamsi,12.450122243724763,21.119172252481803,23,51,0.14935064935064937,0.33116883116883117,0.0034801799507681863,0.05719158605465872,0.08584227420952074,3,4
Faxonius yanahlindus,15.120710886083543,25.28958543948829,27,43,0.17532467532467533,0.27922077922077926,0.0009761480349715644,0.10016059284507023,0.10564967337391012,5,2
Lacunicambarus acanthura,35.01581650972366,24.479648947017267,68,51,0.4415584415584416,0.33116883116883117,0.02249384602325779,0.08624902559589198,0.117463524627209,5,2
Lacunicambarus chimera,21.28800400160253,23.977263658074662,46,51,0.29870129870129875,0.33116883116883117,0.01459977930566166,0.06598740326540406,0.08724677469127799,4,4
Lacunicambarus diogenes,51.66249310038984,18.35766612715088,115,42,0.7467532467532468,0.27272727272727276,0.025252525252525252,0.03536172317398582,0.21772394807217038,2,4
Lacunicambarus ludovicianus,34.1937119346112,26.68537324294448,65,60,0.4220779220779221,0.38961038961038963,0.007681860623037094,0.13500927208724947,0.0938114986283245,1,3
Lacunicambarus nebrascensis,5.993947421433404,11.314930922817439,9,17,0.05844155844155845,0.1103896103896104,0.0023767082590612004,0.01098894952198192,0.07953005279988873,4,4
Lacunicambarus polychromatus,46.18111074902117,16.626130181830376,119,27,0.7727272727272728,0.17532467532467533,0.02516764281470164,0.019425341306642703,0.19710608662783421,4,4
Lacunicambarus thomai,26.40256067365408,13.29026699042879,68,24,0.4415584415584416,0.15584415584415584,0.0035650623885918006,0.010117736441103486,0.09318613362734436,4,4
Orconectes australis,27.930914307478815,24.06662507681176,57,44,0.37012987012987014,0.28571428571428575,0.024149053560818267,0.07818466934677029,0.1218756773484895,5,2
Pacifastacus leniusculus,10.268255953676999,10.100211321841925,16,11,0.1038961038961039,0.07142857142857144,0.02516764281470164,0.004213437816253157,0.052375088358152806,6,1
Parastacus pugnax,1.917858285130933,11.62071989895776,2,15,0.012987012987012988,0.09740259740259741,0.01443001443001443,0.01199538408067875,0.06390135265529978,6,1
Pontastacus leptodactylus,14.141554344445467,9.34886814467609,12,9,0.07792207792207792,0.05844155844155845,0.006535947712418301,0.0018771317070932505,0.050658953158402596,6,1
Procambarus acutissimus,20.290767366066575,29.193527401424944,42,53,0.27272727272727276,0.34415584415584416,0.0015703250997368644,0.16255867956913217,0.10477368282638007,1,3
Procambarus acutus,56.929614029824734,18.599040580913424,120,37,0.7792207792207793,0.24025974025974028,0.026992615227909345,0.04211497744214225,0.24915170307912224,2,3
Procambarus alleni,8.551030694507062,20.336823468562216,20,37,0.12987012987012989,0.24025974025974028,0.02100840336134454,0.08273894186567544,0.09221905674603949,2,3
Procambarus ancylus,13.709033854771405,20.30846067611128,28,38,0.18181818181818182,0.24675324675324678,0.003649944826415415,0.08200814806053028,0.08090889219545408,2,3
Procambarus blandingii,24.97000689432025,19.725395610090345,53,40,0.34415584415584416,0.25974025974025977,0.012223071046600458,0.07705205306039863,0.08725542044448485,2,3
Procambarus chacei,21.51522528193891,20.673058949876577,40,43,0.25974025974025977,0.27922077922077926,0.0015703250997368644,0.08973482375753968,0.08767942979314981,2,3
Procambarus clarkii,29.2273307479918,16.21680057933554,57,38,0.37012987012987014,0.24675324675324678,0.0038621509209744503,0.05717637621892143,0.09885119711194042,2,3
Procambarus enoplosternum,18.92425666656345,21.164336774032563,37,42,0.24025974025974028,0.27272727272727276,0.002334267040149393,0.10190236017670368,0.07444836434230885,2,3
Procambarus fallax,5.451788051985204,20.773433424998075,9,34,0.05844155844155845,0.2207792207792208,0.0,0.0891495356997383,0.10610447935578594,2,3
Procambarus gracilis,11.648042855784297,12.827889453386888,19,23,0.12337662337662339,0.14935064935064937,0.0005941770647653001,0.015119604256026174,0.040310960784614956,4,4
Procambarus hayi,23.154343508183956,29.63184995763004,52,56,0.33766233766233766,0.36363636363636365,0.006153976742212037,0.15580035366059763,0.10970499203238007,1,3
Procambarus hirsutus,15.660386280156672,21.33637748938054,33,38,0.2142857142857143,0.24675324675324678,0.000551735845853493,0.10540528636145043,0.08420351909038115,2,3
Procambarus kensleyi,11.164215279743075,22.195221937494352,17,39,0.1103896103896104,0.2532467532467533,0.002334267040149393,0.11464749551766676,0.10050059226492734,2,3
Procambarus lecontei,7.220514447661117,23.163876309990883,16,42,0.1038961038961039,0.27272727272727276,0.00564468211527035,0.11156087692123075,0.12465187054968065,2,3
Procambarus liberorum,18.193637780379504,26.239087590947747,34,61,0.2207792207792208,0.3961038961038961,0.003140650199473729,0.10927565030513856,0.09244069045518416,3,4
Procambarus lophotus,29.44752225279808,26.691155344247818,66,61,0.4285714285714286,0.3961038961038961,0.043969102792632206,0.13464899613753903,0.12102262962416008,1,3
Procambarus ouachitae,14.074240983929485,29.783404999878258,27,56,0.17532467532467533,0.36363636363636365,0.002843561667091079,0.16102448284716298,0.12638996609232642,3,3
Procambarus paeninsulanus,19.216060305014253,21.651995449792594,30,41,0.19480519480519481,0.26623376623376627,0.009888804006451065,0.10299904131869086,0.09240662383048662,2,3
Procambarus parasimulans,10.095153857255355,29.345213783206418,23,51,0.14935064935064937,0.33116883116883117,0.004031915796621679,0.1541965227586464,0.14241574478166347,3,3
Procambarus pearsei,17.77665828843601,19.079637403134257,31,39,0.2012987012987013,0.2532467532467533,0.021942110177404297,0.07392791756395727,0.10421907248779792,2,3
Procambarus plumimanus,6.223725464195013,18.38727135863155,11,35,0.07142857142857144,0.2272727272727273,0.0002546473134708429,0.06841374044467836,0.10033674437141457,2,3
Procambarus pubescens,12.85360109899193,22.7360528241843,27,42,0.17532467532467533,0.27272727272727276,0.0007215007215007215,0.11628181929813883,0.08514898000043128,2,3
Procambarus raneyi,24.47981684654951,21.668888956308365,57,46,0.37012987012987014,0.29870129870129875,0.004795857737034208,0.08109182952951374,0.10861384153801512,5,3
Procambarus seminolae,11.731975773582235,20.159478180576116,19,38,0.12337662337662339,0.24675324675324678,0.004923181393769629,0.09615935879278857,0.09341996821254346,2,3
Procambarus simulans,20.526407557539642,20.12011776957661,40,43,0.25974025974025977,0.27922077922077926,0.036541889483065956,0.05935526191582549,0.11704690478645362,3,3
Procambarus spiculifer,34.68241111189127,22.728424208937213,66,54,0.4285714285714286,0.35064935064935066,0.012138188608776844,0.10221943218078591,0.11739686645065471,1,3
Procambarus suttkusi,12.701233067549765,24.802763658575714,23,46,0.14935064935064937,0.29870129870129875,0.002291825821237586,0.13355539968974003,0.10177473947042961,1,3
Procambarus troglodytes,18.13113997783512,21.12981437286362,29,41,0.18831168831168832,0.26623376623376627,0.0035650623885918006,0.09645211265581921,0.06818558893456765,2,3
Procambarus verrucosus,9.762513215187937,25.69866895209998,21,42,0.13636363636363638,0.27272727272727276,0.0024615906968848147,0.13955767493351554,0.11658572269809227,1,3
Procambarus versutus,16.803269976750016,25.025657064281404,30,51,0.19480519480519481,0.33116883116883117,0.009888804006451065,0.13281973644480588,0.1023875140681766,1,3
Procambarus viaeviridis,28.315015260130167,28.196289802202955,61,69,0.3961038961038961,0.4480519480519481,0.014260249554367202,0.11591355313834595,0.1279935890962914,1,3
Procambarus vioscai,19.373512011021376,29.753962295129895,41,52,0.26623376623376627,0.33766233766233766,0.0034801799507681863,0.16404298121018854,0.10996616358397068,1,3
Procambarus vioscai paynei,15.437718651257455,29.980055595515296,34,45,0.2207792207792208,0.29220779220779225,0.0034801799507681863,0.16934968346073437,0.1250087344465632,1,3
