species,donor_top20_frequency,acceptor_top20_frequency
Astacus astacus,0.0,0.0
Austropotamobius bihariensis,0.0,0.0
Austropotamobius fulcisianus,0.0,0.0
Austropotamobius pallipes,0.0,0.0
Austropotamobius torrentium,0.0,0.0
Cambarellus (Pandicambarus) puer,0.0,0.88
Cambarellus (Pandicambarus) shufeldtii,0.94,0.55
Cambaroides similis,0.0,0.0
Cambarus acuminatus,1.0,0.0
Cambarus angularis,0.0,0.0
Cambarus appalachiensis,0.0,0.0
Cambarus asperimanus,0.0,0.0
Cambarus bartonii,1.0,0.0
Cambarus bartonii bartonii,0.0,0.0
Cambarus bartonii cavatus,0.0,0.0
Cambarus carinirostris,0.0,0.0
Cambarus chasmodactylus,0.0,0.0
Cambarus chaugaensis,0.0,0.0
Cambarus coosae,0.0,0.2
Cambarus cumberlandensis,0.0,0.0
Cambarus davidi,0.0,0.0
Cambarus distans,0.0,0.0
Cambarus dubius,0.0,0.0
Cambarus eeseeohensis,0.0,0.0
Cambarus elkensis,0.0,0.0
Cambarus georgiae,0.0,0.0
Cambarus girardianus,0.0,0.0
Cambarus graysoni,0.69,0.0
Cambarus halli,0.0,0.0
Cambarus hatfieldi,0.0,0.0
Cambarus hiwasseensis,0.0,0.0
Cambarus hobbsorum,0.0,0.0
Cambarus howardi,0.83,0.0
Cambarus hubbsi,0.0,0.0
Cambarus hystricosus,0.0,0.0
Cambarus jezerinaci,0.0,0.0
Cambarus johni,0.0,0.0
Cambarus latimanus,1.0,0.0
Cambarus lenati,0.0,0.0
Cambarus longirostris,0.12,0.0
Cambarus longulus,0.0,0.0
Cambarus maculatus,0.0,0.0
Cambarus obstipus,0.0,0.78
Cambarus ortmanni,0.0,0.0
Cambarus parvoculus,0.0,0.0
Cambarus reburrus,0.0,0.0
Cambarus reduncus,0.0,0.0
Cambarus reflexus,0.0,0.0
Cambarus robustus,0.0,0.0
Cambarus rusticiformis,0.0,0.0
Cambarus sciotensis,0.0,0.0
Cambarus scotti,0.0,0.0
Cambarus sphenoides,0.0,0.0
Cambarus striatus,1.0,0.0
Cambarus tenebrosus,1.0,0.0
Cambarus theepiensis,0.0,0.0
Cambarus unestami,0.0,0.0
Creaserinus fodiens,1.0,0.0
Euastacus armatus,0.0,0.0
Faxonella clypeata,0.0,0.24
Faxonius alabamensis,0.0,0.0
Faxonius carolinensis,0.0,0.0
Faxonius chickasawae,0.0,1.0
Faxonius compressus,0.0,0.0
Faxonius cristavarius,0.0,0.0
Faxonius durelli,0.0,0.0
Faxonius erichsonianus,0.96,0.0
Faxonius etnieri,0.0,1.0
Faxonius eupunctus,0.0,0.0
Faxonius forceps,0.77,0.0
Faxonius harrisonii,0.0,0.0
Faxonius holti,0.0,1.0
Faxonius hylas,0.0,0.0
Faxonius illinoiensis,0.0,0.0
Faxonius immunis,0.0,0.0
Faxonius indianensis,0.0,0.0
Faxonius juvenilis,1.0,0.0
Faxonius kentuckiensis,0.0,0.0
Faxonius lancifer,1.0,1.0
Faxonius leptogonopodus,0.0,1.0
Faxonius limosus,0.0,0.0
Faxonius longidigitus,0.0,0.0
Faxonius luteus,0.0,0.0
Faxonius macrus,0.0,0.0
Faxonius medius,0.0,0.0
Faxonius meeki,0.0,0.0
Faxonius mirus,0.0,0.05
Faxonius nais,0.0,0.0
Faxonius nana,0.0,0.0
Faxonius neglectus,0.0,0.0
Faxonius neglectus neglectus,0.0,0.0
Faxonius obscurus,0.0,0.0
Faxonius ozarkae,0.0,0.0
Faxonius palmeri,1.0,0.12
Faxonius palmeri longimanus,0.0,0.76
Faxonius perfectus,0.0,1.0
Faxonius peruncus,0.0,0.0
Faxonius placidus,0.13,0.0
Faxonius propinquus,0.0,0.0
Faxonius punctimanus,0.0,0.0
Faxonius putnami,0.0,0.0
Faxonius raymondi,0.0,0.0
Faxonius rusticus,0.0,0.0
Faxonius sanbornii,0.0,0.0
Faxonius sloanii,0.0,0.0
Faxonius spinosus,1.0,0.0
Faxonius validus,0.0,1.0
Faxonius virginiensis,0.0,0.0
Faxonius virilis,0.0,0.0
Faxonius williamsi,0.0,0.0
Faxonius yanahlindus,0.0,0.0
Lacunicambarus acanthura,0.73,0.0
Lacunicambarus chimera,0.0,0.0
Lacunicambarus diogenes,1.0,0.0
Lacunicambarus ludovicianus,0.71,1.0
Lacunicambarus nebrascensis,0.0,0.0
Lacunicambarus polychromatus,1.0,0.0
Lacunicambarus thomai,0.0,0.0
Orconectes australis,0.0,0.0
Pacifastacus leniusculus,0.0,0.0
Parastacus pugnax,0.0,0.0
Pontastacus leptodactylus,0.0,0.0
Procambarus acutissimus,0.0,1.0
Procambarus acutus,1.0,0.0
Procambarus alleni,0.0,0.0
Procambarus ancylus,0.0,0.0
Procambarus blandingii,0.0,0.0
Procambarus chacei,0.0,0.0
Procambarus clarkii,0.0,0.0
Procambarus enoplosternum,0.0,0.0
Procambarus fallax,0.0,0.0
Procambarus gracilis,0.0,0.0
Procambarus hayi,0.0,1.0
Procambarus hirsutus,0.0,0.0
Procambarus kensleyi,0.0,0.0
Procambarus lecontei,0.0,0.0
Procambarus liberorum,0.0,0.28
Procambarus lophotus,0.0,0.95
Procambarus ouachitae,0.0,1.0
Procambarus paeninsulanus,0.0,0.0
Procambarus parasimulans,0.0,1.0
Procambarus pearsei,0.0,0.0
Procambarus plumimanus,0.0,0.0
Procambarus pubescens,0.0,0.0
Procambarus raneyi,0.0,0.0
Procambarus seminolae,0.0,0.0
Procambarus simulans,0.0,0.0
Procambarus spiculifer,1.0,0.0
Procambarus suttkusi,0.0,0.0
Procambarus troglodytes,0.0,0.0
Procambarus verrucosus,0.0,0.19
Procambarus versutus,0.0,0.0
Procambarus viaeviridis,0.12,1.0
Procambarus vioscai,0.0,1.0
Procambarus vioscai paynei,0.0,1.0
